{"id":0,"name":"Samael Postman"},
{"data":"0,Samael Postman"},
0,Samael Postman,
0,Samael Postman,
0,Samael Postman,
0,Samael Postman,
0,Samael Postman,
0,Samael Postman,
0,Samael Postman,
0,Samael Postman,
0,Samael Postman,
0,Samael Postman,
13,undefined
14,Samuel Postman
15,Samuel Postman
16,Samuel Postman
17,Samuel Postman
18,undefined
19,undefined
20,undefined
21,Manuel
22,Manuel
23,Manuel
24,Manuel
25,Manuel
26,Manuel
27,Manuel
28,Manuel
29,Manuel
30,Manuel
31,Manuel
32,Manuel
33,Manuel
34,Manuel
35,Manuel
36,Manuel
37,Manuel
38,
39,
40,
41,asdasd
42,asdasd
43,asdasd
44,asdasd
45,asdasd
46,asdasd
47,asdasd
48,asdasd
49,asdasd
